data,reparto_id,shift_code,coverage_code
2024-08-01,ADT,G,p
2024-08-01,REP0,G,S
2024-08-01,REP0,N,S
2024-08-01,REP0,P,S
2024-08-01,REP2,M,S
2024-08-01,REP2,N,S
2024-08-01,REP2,P,S
2024-08-01,REP3,M,S
2024-08-01,REP3,N,S
2024-08-01,REP3,P,S
2024-08-01,REP5,M,S
2024-08-01,REP5,N,S
2024-08-01,REP5,P,S
2024-08-02,ADT,G,p
2024-08-02,REP0,G,S
2024-08-02,REP0,N,S
2024-08-02,REP0,P,S
2024-08-02,REP2,M,S
2024-08-02,REP2,N,S
2024-08-02,REP2,P,S
2024-08-02,REP3,M,S
2024-08-02,REP3,N,S
2024-08-02,REP3,P,S
2024-08-02,REP5,M,S
2024-08-02,REP5,N,S
2024-08-02,REP5,P,S
2024-08-03,ADT,G,s
2024-08-03,REP0,G,S
2024-08-03,REP0,N,S
2024-08-03,REP0,P,S
2024-08-03,REP2,M,S
2024-08-03,REP2,N,S
2024-08-03,REP2,P,S
2024-08-03,REP3,M,S
2024-08-03,REP3,N,S
2024-08-03,REP3,P,S
2024-08-03,REP5,M,S
2024-08-03,REP5,N,S
2024-08-03,REP5,P,S
2024-08-04,REP0,G,S
2024-08-04,REP0,N,S
2024-08-04,REP0,P,S
2024-08-04,REP2,M,S
2024-08-04,REP2,N,S
2024-08-04,REP2,P,S
2024-08-04,REP3,M,S
2024-08-04,REP3,N,S
2024-08-04,REP3,P,S
2024-08-04,REP5,M,S
2024-08-04,REP5,N,S
2024-08-04,REP5,P,S
2024-08-05,ADT,G,p
2024-08-05,REP0,G,S
2024-08-05,REP0,N,S
2024-08-05,REP0,P,S
2024-08-05,REP2,M,S
2024-08-05,REP2,N,S
2024-08-05,REP2,P,S
2024-08-05,REP3,M,S
2024-08-05,REP3,N,S
2024-08-05,REP3,P,S
2024-08-05,REP5,M,S
2024-08-05,REP5,N,S
2024-08-05,REP5,P,S
2024-08-06,ADT,G,p
2024-08-06,REP0,G,S
2024-08-06,REP0,N,S
2024-08-06,REP0,P,S
2024-08-06,REP2,M,S
2024-08-06,REP2,N,S
2024-08-06,REP2,P,S
2024-08-06,REP3,M,S
2024-08-06,REP3,N,S
2024-08-06,REP3,P,S
2024-08-06,REP5,M,S
2024-08-06,REP5,N,S
2024-08-06,REP5,P,S
2024-08-07,ADT,G,p
2024-08-07,REP0,G,S
2024-08-07,REP0,N,S
2024-08-07,REP0,P,S
2024-08-07,REP2,M,S
2024-08-07,REP2,N,S
2024-08-07,REP2,P,S
2024-08-07,REP3,M,S
2024-08-07,REP3,N,S
2024-08-07,REP3,P,S
2024-08-07,REP5,M,S
2024-08-07,REP5,N,S
2024-08-07,REP5,P,S
2024-08-08,ADT,G,p
2024-08-08,REP0,G,S
2024-08-08,REP0,N,S
2024-08-08,REP0,P,S
2024-08-08,REP2,M,S
2024-08-08,REP2,N,S
2024-08-08,REP2,P,S
2024-08-08,REP3,M,S
2024-08-08,REP3,N,S
2024-08-08,REP3,P,S
2024-08-08,REP5,M,S
2024-08-08,REP5,N,S
2024-08-08,REP5,P,S
2024-08-09,ADT,G,p
2024-08-09,REP0,G,S
2024-08-09,REP0,N,S
2024-08-09,REP0,P,S
2024-08-09,REP2,M,S
2024-08-09,REP2,N,S
2024-08-09,REP2,P,S
2024-08-09,REP3,M,S
2024-08-09,REP3,N,S
2024-08-09,REP3,P,S
2024-08-09,REP5,M,S
2024-08-09,REP5,N,S
2024-08-09,REP5,P,S
2024-08-10,ADT,G,s
2024-08-10,REP0,G,S
2024-08-10,REP0,N,S
2024-08-10,REP0,P,S
2024-08-10,REP2,M,S
2024-08-10,REP2,N,S
2024-08-10,REP2,P,S
2024-08-10,REP3,M,S
2024-08-10,REP3,N,S
2024-08-10,REP3,P,S
2024-08-10,REP5,M,S
2024-08-10,REP5,N,S
2024-08-10,REP5,P,S
2024-08-11,REP0,G,S
2024-08-11,REP0,N,S
2024-08-11,REP0,P,S
2024-08-11,REP2,M,S
2024-08-11,REP2,N,S
2024-08-11,REP2,P,S
2024-08-11,REP3,M,S
2024-08-11,REP3,N,S
2024-08-11,REP3,P,S
2024-08-11,REP5,M,S
2024-08-11,REP5,N,S
2024-08-11,REP5,P,S
2024-08-12,ADT,G,p
2024-08-12,REP0,G,S
2024-08-12,REP0,N,S
2024-08-12,REP0,P,S
2024-08-12,REP2,M,S
2024-08-12,REP2,N,S
2024-08-12,REP2,P,S
2024-08-12,REP3,M,S
2024-08-12,REP3,N,S
2024-08-12,REP3,P,S
2024-08-12,REP5,M,S
2024-08-12,REP5,N,S
2024-08-12,REP5,P,S
2024-08-13,ADT,G,p
2024-08-13,REP0,G,S
2024-08-13,REP0,N,S
2024-08-13,REP0,P,S
2024-08-13,REP2,M,S
2024-08-13,REP2,N,S
2024-08-13,REP2,P,S
2024-08-13,REP3,M,S
2024-08-13,REP3,N,S
2024-08-13,REP3,P,S
2024-08-13,REP5,M,S
2024-08-13,REP5,N,S
2024-08-13,REP5,P,S
2024-08-14,ADT,G,p
2024-08-14,REP0,G,S
2024-08-14,REP0,N,S
2024-08-14,REP0,P,S
2024-08-14,REP2,M,S
2024-08-14,REP2,N,S
2024-08-14,REP2,P,S
2024-08-14,REP3,M,S
2024-08-14,REP3,N,S
2024-08-14,REP3,P,S
2024-08-14,REP5,M,S
2024-08-14,REP5,N,S
2024-08-14,REP5,P,S
2024-08-15,ADT,G,p
2024-08-15,REP0,G,S
2024-08-15,REP0,N,S
2024-08-15,REP0,P,S
2024-08-15,REP2,M,S
2024-08-15,REP2,N,S
2024-08-15,REP2,P,S
2024-08-15,REP3,M,S
2024-08-15,REP3,N,S
2024-08-15,REP3,P,S
2024-08-15,REP5,M,S
2024-08-15,REP5,N,S
2024-08-15,REP5,P,S
2024-08-16,ADT,G,p
2024-08-16,REP0,G,S
2024-08-16,REP0,N,S
2024-08-16,REP0,P,S
2024-08-16,REP2,M,S
2024-08-16,REP2,N,S
2024-08-16,REP2,P,S
2024-08-16,REP3,M,S
2024-08-16,REP3,N,S
2024-08-16,REP3,P,S
2024-08-16,REP5,M,S
2024-08-16,REP5,N,S
2024-08-16,REP5,P,S
2024-08-17,ADT,G,s
2024-08-17,REP0,G,S
2024-08-17,REP0,N,S
2024-08-17,REP0,P,S
2024-08-17,REP2,M,S
2024-08-17,REP2,N,S
2024-08-17,REP2,P,S
2024-08-17,REP3,M,S
2024-08-17,REP3,N,S
2024-08-17,REP3,P,S
2024-08-17,REP5,M,S
2024-08-17,REP5,N,S
2024-08-17,REP5,P,S
2024-08-18,REP0,G,S
2024-08-18,REP0,N,S
2024-08-18,REP0,P,S
2024-08-18,REP2,M,S
2024-08-18,REP2,N,S
2024-08-18,REP2,P,S
2024-08-18,REP3,M,S
2024-08-18,REP3,N,S
2024-08-18,REP3,P,S
2024-08-18,REP5,M,S
2024-08-18,REP5,N,S
2024-08-18,REP5,P,S
2024-08-19,ADT,G,p
2024-08-19,REP0,G,S
2024-08-19,REP0,N,S
2024-08-19,REP0,P,S
2024-08-19,REP2,M,S
2024-08-19,REP2,N,S
2024-08-19,REP2,P,S
2024-08-19,REP3,M,S
2024-08-19,REP3,N,S
2024-08-19,REP3,P,S
2024-08-19,REP5,M,S
2024-08-19,REP5,N,S
2024-08-19,REP5,P,S
2024-08-20,ADT,G,p
2024-08-20,REP0,G,S
2024-08-20,REP0,N,S
2024-08-20,REP0,P,S
2024-08-20,REP2,M,S
2024-08-20,REP2,N,S
2024-08-20,REP2,P,S
2024-08-20,REP3,M,S
2024-08-20,REP3,N,S
2024-08-20,REP3,P,S
2024-08-20,REP5,M,S
2024-08-20,REP5,N,S
2024-08-20,REP5,P,S
2024-08-21,ADT,G,p
2024-08-21,REP0,G,S
2024-08-21,REP0,N,S
2024-08-21,REP0,P,S
2024-08-21,REP2,M,S
2024-08-21,REP2,N,S
2024-08-21,REP2,P,S
2024-08-21,REP3,M,S
2024-08-21,REP3,N,S
2024-08-21,REP3,P,S
2024-08-21,REP5,M,S
2024-08-21,REP5,N,S
2024-08-21,REP5,P,S
2024-08-22,ADT,G,p
2024-08-22,REP0,G,S
2024-08-22,REP0,N,S
2024-08-22,REP0,P,S
2024-08-22,REP2,M,S
2024-08-22,REP2,N,S
2024-08-22,REP2,P,S
2024-08-22,REP3,M,S
2024-08-22,REP3,N,S
2024-08-22,REP3,P,S
2024-08-22,REP5,M,S
2024-08-22,REP5,N,S
2024-08-22,REP5,P,S
2024-08-23,ADT,G,p
2024-08-23,REP0,G,S
2024-08-23,REP0,N,S
2024-08-23,REP0,P,S
2024-08-23,REP2,M,S
2024-08-23,REP2,N,S
2024-08-23,REP2,P,S
2024-08-23,REP3,M,S
2024-08-23,REP3,N,S
2024-08-23,REP3,P,S
2024-08-23,REP5,M,S
2024-08-23,REP5,N,S
2024-08-23,REP5,P,S
2024-08-24,ADT,G,s
2024-08-24,REP0,G,S
2024-08-24,REP0,N,S
2024-08-24,REP0,P,S
2024-08-24,REP2,M,S
2024-08-24,REP2,N,S
2024-08-24,REP2,P,S
2024-08-24,REP3,M,S
2024-08-24,REP3,N,S
2024-08-24,REP3,P,S
2024-08-24,REP5,M,S
2024-08-24,REP5,N,S
2024-08-24,REP5,P,S
2024-08-25,REP0,G,S
2024-08-25,REP0,N,S
2024-08-25,REP0,P,S
2024-08-25,REP2,M,S
2024-08-25,REP2,N,S
2024-08-25,REP2,P,S
2024-08-25,REP3,M,S
2024-08-25,REP3,N,S
2024-08-25,REP3,P,S
2024-08-25,REP5,M,S
2024-08-25,REP5,N,S
2024-08-25,REP5,P,S
2024-08-26,ADT,G,p
2024-08-26,REP0,G,S
2024-08-26,REP0,N,S
2024-08-26,REP0,P,S
2024-08-26,REP2,M,S
2024-08-26,REP2,N,S
2024-08-26,REP2,P,S
2024-08-26,REP3,M,S
2024-08-26,REP3,N,S
2024-08-26,REP3,P,S
2024-08-26,REP5,M,S
2024-08-26,REP5,N,S
2024-08-26,REP5,P,S
2024-08-27,ADT,G,p
2024-08-27,REP0,G,S
2024-08-27,REP0,N,S
2024-08-27,REP0,P,S
2024-08-27,REP2,M,S
2024-08-27,REP2,N,S
2024-08-27,REP2,P,S
2024-08-27,REP3,M,S
2024-08-27,REP3,N,S
2024-08-27,REP3,P,S
2024-08-27,REP5,M,S
2024-08-27,REP5,N,S
2024-08-27,REP5,P,S
2024-08-28,ADT,G,p
2024-08-28,REP0,G,S
2024-08-28,REP0,N,S
2024-08-28,REP0,P,S
2024-08-28,REP2,M,S
2024-08-28,REP2,N,S
2024-08-28,REP2,P,S
2024-08-28,REP3,M,S
2024-08-28,REP3,N,S
2024-08-28,REP3,P,S
2024-08-28,REP5,M,S
2024-08-28,REP5,N,S
2024-08-28,REP5,P,S
2024-08-29,ADT,G,p
2024-08-29,REP0,G,S
2024-08-29,REP0,N,S
2024-08-29,REP0,P,S
2024-08-29,REP2,M,S
2024-08-29,REP2,N,S
2024-08-29,REP2,P,S
2024-08-29,REP3,M,S
2024-08-29,REP3,N,S
2024-08-29,REP3,P,S
2024-08-29,REP5,M,S
2024-08-29,REP5,N,S
2024-08-29,REP5,P,S
2024-08-30,ADT,G,p
2024-08-30,REP0,G,S
2024-08-30,REP0,N,S
2024-08-30,REP0,P,S
2024-08-30,REP2,M,S
2024-08-30,REP2,N,S
2024-08-30,REP2,P,S
2024-08-30,REP3,M,S
2024-08-30,REP3,N,S
2024-08-30,REP3,P,S
2024-08-30,REP5,M,S
2024-08-30,REP5,N,S
2024-08-30,REP5,P,S
2024-08-31,ADT,G,s
2024-08-31,REP0,G,S
2024-08-31,REP0,N,S
2024-08-31,REP0,P,S
2024-08-31,REP2,M,S
2024-08-31,REP2,N,S
2024-08-31,REP2,P,S
2024-08-31,REP3,M,S
2024-08-31,REP3,N,S
2024-08-31,REP3,P,S
2024-08-31,REP5,M,S
2024-08-31,REP5,N,S
2024-08-31,REP5,P,S
